e.name,e.internal_id
LUCRESS CONSULTANT LIMITED,1000527
ULTRALUX INVESTMENTS CORP.,1003402
LEGAL (NOMINEES) LTD.,1002362
CARSION ENTERPRISES LIMITED,1002382
SNM INVESTMENTS INC.,10246
EVER BEST INTERNATIONAL LTD.,1002376
"OHGA INVESTMENT CONSULTANTS CO., LTD.",1002725
Hong Kong Fuji Holding Investment Limited,1003433
FOURTUNEIGHT PTY LTD,1003107
"PASSION SHIPPING CO., LTD.",1003109
CARL E. SCHMIDT S.A.,10268
MAXIMIN S.A.,1002283
INTERLINK LTD.,1001703
Mutelia Ltd.,1001565
Tang Chi Mining (Group) Corporation,1003620
"EVERUNION RUBBER GROUP CO., LTD.",1003380
G & G MANAGEMENT LTD.,1002569
F.D.V. INTERNATIONAL LTD.,1002571
GLACIER HOLDINGS LTD.,1002769
DUNMAR HOLDINGS S.A.,10284
THE SECUNDUS HOLDING CORP.,10333
DREAM PEARL LTD,1002417
NEW ELEMENT HOLDING LIMITED,1002375
SOPARGEM INTL S.A.,1001639
ROSE LTD.,1002324
FAIRSKY TRADING LIMITED,1002001
HARBOUR TALENT ENTERPRISE LTD.,1002378
MOUNTAIN STAR LTD.,1002972
"SEAMAID INDUSTRIAL CO., LTD",1002706
"Sources Technologies Co., Ltd.",1002724
WELL TIME GROUP LIMITED,1002529
MARINE AND INDUSTRIAL SERVICE S.A.,1001704
SAFANI DEVELOPMENT LTD.,1001733
COVENTRY ENTERPRISES LIMITED,1002266
GROSELLA CORP.,1001687
"HAPPINESS CO., LTD",1002371
TOP ONE INTERNATIONAL LTD.,1005393
BOWLINE INVESTMENT LTD.,1001525
DOGAN FINANCE LIMITED,1002007
Gold Spring Corporation,1006378
MAYBURN INVESTMENT INC.,10077
HARMOND INC.,1002018
R. K. ALI LIMITED,1001668
QUORUM EQUITIES INC.,10078
SCOUT INVESTMENTS S.A.,1001499
ORFEO CORP.,1001688
HUA HUI INVESTMENT LTD.,1003409
CONSOLIDATED DRILLING SERVICES S.A.,10570
Flying Limited,1002895
MC CAIN FINANCIAL SERVICES LIMITED,1001715
GESTION & ADMINISTRATION S.A.,1002311
H&G Corporation,1002453
KPM LIMITED,1001946
OMEGA TRADING CORP.,1001631
DRAGON AIR INVESTMENTS LTD.,1002089
"Tianlong Holding Co., Ltd.",1004212
"QINGDAO HENG TAI INDUSTRIES CO., LTD.",1003622
ANAMO FINANCE S.A.,1002003
IDEAL INTERNATIONAL LTD.,1003175
SACO INC.,1001906
LEISURE INVESTMENTS LTD.,1001624
Momentum Venture Capital Fonds II Ltd.,1003614
Aldridge Group Ltd.,1002915
PANSY INVESTMENTS LLP,1100207
BLUE CANARY CONSULTING GROUP LIMITED,1005889
MYERS TRADING LIMITED,1100039
Achilles Enterprise Limited,1006393
IKEDA INVESTMENT LIMITED,1003378
"ASIA & PACIFIC BOAR (NEW ZEALAND) CO., LTD.",1002897
DEERFIELD DEVELOPMENT S.A.,10743
ZOOMLION (HK) INTERNATIONAL TRADING LIMITED,1005914
CAROL HOLDINGS LTD.,1005902
TEXTRON MINING CONCERN S.A.,10573
KORMAN INTERNATIONAL LLC,121028
FORDALD INC.,1010
EURO CAPITAL CORPORATION,1075
"SKYPET INDUSTRIES CO., LTD.",1003643
"A LEVEL INDUSTRY&TRADING CO.,LTD.",1003657
SANNING MANAGEMENT LTD.,1003178
TEAM ASCENT INTERNATIONAL LIMITED,1003396
GREEN ISLAND ENTERPRISES LIMITED,1000359
"ZHEJIANG HOMETEXTILES CO., LTD.",1000547
"MARIO COTTA CO., LTD.",1002281
Con Energy (U.S.A.) Inc.,1001692
EUROTEX INTERNATIONAL LIMITED,1001551
Asia-Pacific Outsourcing Ltd.,1002956
ARION ENTERPRISES LIMITED,1003110
GOLD MAPLE LTD.,1000559
"YIGELA ARTS & CRAFTS CO., LTD.",1000578
SILVER PITT TECHNOLOGIES LIMITED,1001722
CHINA INCORPORATIONS LIMITED,1001745
WINNING FAITH TRADING LIMITED,1001736
ONDAI MANUFACTURING INC.,1002342
OLYMPIA CAPITAL MANAGEMENT INC.,1003659
DEVONSHIRE PROPERTIES INC.,10525
"CIXI RAISTAR INDUSTRIAL CO., LTD.",1000617
G plus M Limited,1000632
KITCHINER PROPERTIES LIMITED,1001667
FENIX CONSULTING INC.,1002344
"YABOY INTERNATIONAL TRADING CO., LTD.",1000636
"HOMEFRIEND INTERNATIONAL CO., LTD.",1000698
"SFERA II, SERVICES LIMITED",1002074
RK PROPERTIES LIMITED,1002078
MAXWIL LTD.,1001759
TALWYN HOLDINGS LIMITED,1002366
RAYDEAN LIMITED,1002098
EC INDUSTRIES LIMITED,1000705
"AO JIA INTERNATIONAL CO., LTD.",1000826
MIDLION COMPANY LIMITED,1001772
REJUVENO WORLDWIDE INC.,1001750
"Ariste International Co., Ltd.",1000871
BASSACS FINANCE S.A.,1001638
H.B.M Global LIMITED,1006331
REDSAND LTD.,1001610
Asia8 Ltd.,1002930
"NINGBO RUNNING DEER CO., LTD.",1000568
LACTEUS PRODUCTS LIMITED,1050002
"MONGKOK JEWELRY PARTS MFY., LTD.",1001970
SUMMER HILL GROUP LIMITED,1005388
WILLEX ENTERPRISES LIMITED,1002243
"XIYU International Trade Co., Ltd.",1001908
DUKE TRADING LTD.,1001997
SBS Investments Corporation,1001633
ZURICH HOLDINGS INC.,10757
COLLECTING INC.,10636
EVER GAIN INVESTMENTS LIMITED,1001644
9998 HOLDING LIMITED,1001635
ALL AMERICAN CONSULTING SERVICES INC.,10092
SLITER EQUITIES LLP,1100256
PHAETHON TRADE INC LLP,1100263
EDENSMITH FINANCE LTD.,1001594
HPL Venture Ltd,1002373
LINCE HOLDINGS S.A.,10659
LEE CHUN ENTERPRISES LIMITED,1005401
UNIVERSAL HOLDINGS LTD.,1001225
FORESTRY LINK INTERNATIONAL LTD,1002982
"SUNWAY INTERNATIONAL CO., LTD.",1003382
J. MARQUES AND CIA. S.A.,10672
NB ASSOCIATES S.A.,10836
HONGKONG YUXIANG INTERNATIONAL TRADE LIMITED,1002543
LATITUDE INVESTMENTS HOLDINGS CORP.,1002748
Z & J (U.S.A.) Corp.,1003036
Sino-Happy Trade Corp.,1000575
"XINSANMEI INTERNATIONAL TRADE CO., LTD.",1000911
GOLD MAPLE INTERNATIONAL TRADING LTD.,1000913
Machimpex Ningbo Limited,1000577
BRILLIANTEX INTERNATIONAL CORP.,1000936
BLUE SKY TRADE LIMITED,1000943
Solochem Industries Ltd.,1003379
"China Ruifeng Co., Ltd.",1003389
SELDON HOLDINGS LIMITED,1003192
BIANCHI HOLDINGS LTD.,1001941
KENNEDY HOLDINGS INC.,1002033
ANAFAX CORPORATION,1002050
WINLI INTERNATIONAL LIMITED,1002966
MITSUBOSHI CORPORATION,1003183
PALMETTO ENTERPRISES CORP.,1001541
EXCELLENT TEXTILES INTERNATIONAL LTD.,1003195
"DUDA INTERNATIONAL CO., LTD.",1000951
FLAMINGO ENTERPRISES CORP.,1001768
"Sunda Industrial & Trading Co., Ltd.",1000631
"LAND INTERNATIONAL TRADING CO., LTD.",1000677
SUNNY VIEW INTERNATIONAL LIMITED,1000430
"SHUM WAH MANUFACTURING CO., LTD.",1001031
"FUTUO MECHANICAL TOOLS CO., LTD.",1000416
"NINGBO F.T.Z. SANBANG INDUSTRY CO., LIMITED",1000448
EIC CORPORATION LIMITED,1001073
KEEN EAGLE LIMITED,1001107
LONG RICH ENTERPRISES LIMITED,1001021
"NINGBO EASTRA INTERNATIONAL TRADE CO., LTD.",1000451
WORLD GROWTH S.A.,1001157
EAST POINT ENTERPRISES LIMITED,1000626
PEMBAR LIMITED,1000225
SINO CREST GROUP LIMITED,1000270
KLEARVIEW MANAGEMENT LTD.,1001651
Volc International Group Limited,1000461
CLOVERDALE ASSOCIATES INC.,10154
GMS MANAGEMENT LTD.,1001055
MYRIAD ENTERPRISES LTD.,1000307
RIPLEY GROUP LTD.,1002425
CEASAR INVEST LTD.,1001125
PROTILE INVESTMENT S.A.,1001147
DZT LIMITED,1001180
WILSON FINANCE LIMITED,1001189
BALMARK LIMITED,1000245
MORRISON & ZANT FINANCE LTD.,1000584
PESQUERA RIO HATO,1065
KELSALL GMBH,1002926
AMERTEX LTD.,1002928
SUPERB ENTERPRISES LIMITED,1000269
TEEDEE ENTERPRISES S.A.,10006
COLORADO REAL ESTATE INVESTMENT LTD.,1002213
MELANTO INVESTMENTS LIMITED,1002219
LUNEL CORP.,1002340
KAPLER LIMITED,1002687
"GRAND INVESTMENT CO., LIMITED",1003369
ADACT LTD,1002772
FULL MOON INVESTMENT LTD.,1002513
BRIDEPORT LIMITED,1001918
PACIFIC PROFIT DEVELOPMENT LIMITED,1001662
Kaseo International Limited,1002758
GOOD BROTHERS FINANCE LIMITED,1002474
PANROC HOLDINGS INC.,10566
BROWN BAKER & ASS. LTD. INC.,10790
METRA HOLDINGS S.A.,10149
China Sports Network Limited,1003464
Atica Holding Inc.,1002614
WELL KNOWN MANAGEMENT LIMITED,1001684
COMMTECH FOUNDATION INC.,10590
GLADIATOR GROUP LTD.,1002475
GRANFIELD INTERNATIONAL INC.,10210
Grand Hall Enterprises Limited,1002419
COMPAGNIE EUROPE PARTICIPATION S.A.,10618
SHINE PEARL DEVELOPMENT LTD.,1002467
HONOLULU INVESTMENTS LIMITED,1100276
TEH TUNG (HK) CORPORATION,1002421
MONT BLANC PHARMACEUTICALS S.A.,10796
UNIVERSAL STAR GROUP LTD.,1002490
FLOSTER INVESTMENT LTD.,1002512
SEATON INCORPORATED LLP,1100334
FARNLEY HOLDINGS INC.,10212
LILAC INVESTMENTS LIMITED,1000309
LAKEWOOD LTD.,1002585
MUNERA INC.,1003466
COLERIDGE INTERNATIONAL LTD.,1002553
CALICO LIMITED,1003047
WEILIN HOLDINGS LTD.,1002621
ATLAS INVESTMENTS LTD.,1001274
LEA BROOK PROPERTY HOLDINGS LTD.,1001276
FLAIR NET CONSULTING INC.,1002418
NOBLE SUPREME INTERNATIONAL LTD.,1003468
TRANSALP TRADE AND CONSULTING S.A.,10662
KYLEMORE INC.,10834
ALDBROUGH INC.,10843
ALLERSTON INC.,10845
TANIX LIMITED,1000327
"JET-PRO TECHNOLOGY CO., LTD.",1000687
"Kamate International Co., Ltd.",1000460
Orient Import & Export Service Corp.,1000482
BLUEPOINT ENTERPRISES S.A.,1001285
"DONG SHING INTERNATIONAL CO., LTD.",1000349
ETERNAL SUNSHINE GROUP LIMITED,1000490
"MEGAFOOD INTERNATIONAL CO., LTD.",1001145
LANGTOFT INC.,10850
GOLD TRADE INVESTMENT LLP,1100315
SLEDMERE INC.,10880
SEALING RES INC.,10884
MINSTER INC.,10901
MAGHERY INC.,10903
CYPRIUS CONSULTANTS LTD.,1001596
ARLESFORD INVESTMENT HOLDINGS CORP.,1002330
LA TANIA S.A.,1002186
BAMFIELD EQUITIES LTD.,1005199
"TENGZHOU YEMA TYRE CO., LTD.",1001149
ORIGIN INTERNATIONAL TRADING CORP.,1001599
SUNNYWORLD CORPORATION,1002006
HONG KONG FINANCE CORPORATION,1001967
POTENTIAL INTERNATIONAL LIMITED,1001969
EUROPEAN METAL CO. LTD. [NICKELASIA TRADING LIMITED,1001637
WEST COAST INTERNATIONAL LIMITED,1005192
Sunny Denims & Culture Marketing Inc.,1005194
WINTON PROPERTIES LIMITED,1002354
TYCOON S.A.,1002823
"DECO Generation Co., Ltd.",1005216
"HONGKONG QIANGXIN GROUP CO., LTD",1005226
"VENA INDUSTRY CO., LTD.",1005228
LONGSHAN SHIPPING LIMITED,1003038
HKI FORTUNE PLAZA LIMITED,1002411
Vanda Limited,1001916
SATURNE S.A.,1001115
MIZAN LIMITED,1001352
BERNSON S.A.,1001355
Kew Capital China Development Limited,1003438
WHITESTONE LTD.,1002387
"Magmax, Inc.",1003447
TECHLANE RESOURCES PTE. LTD.,1003514
FALCONWOOD INTERNATIONAL LIMITED,1004866
"WAVE BAND INTERNATIONAL INVESTMENT CO., LTD",1003453
"ASIA STAR INDUSTRIAL CO., LTD.",1002611
MRI-SAM S.A.,1001290
NAVIGATOR-GARANT LIMITED,1001344
FABIBI LIMITED,1001361
Solar Gold Global Investment Ltd.,1005168
Foodbiz Limited,1006260
GOODFORD MANAGEMENT LIMITED,1000541
FANTASTIC CHOICE GROUP LIMITED,1000561
"SOCIEDAD INTER-ARGENTINA DE COMERCIO, S.A.",10137
OCEANIC PROMETHEUS INVESTMENT HOLDING CO. LTD.,1005090
CMS NOMINEES LIMITED,1003492
FIRST SHAREHOLDERS LIMITED.,1005059
WHITESTONE LTD..,1005060
TYJEN TRADING CORP,1005128
"MAGIC TEXTILE CO., LTD.",1001151
LUYI FORGE LTD.,1001169
RISING INTERNATIONAL TRADE LTD.,1000243
"ZHEJIANG TOPCHANCE CHEMICAL INDUSTRY CO., LTD.",1000564
WORLD IMPACT LIMITED,1005080
SWINFORD INTERNATIONAL S.A.,10291
OMNI AG. S.A.,1039
ALOTRANS LTD.,1002931
SERLIN MARKETING LTD.,1002986
DIAMOND SEA ENTERPRISES LTD.,1003128
QINGDAO KUANCHENG STONE INTERNATIONAL TRADING LIMITED,1004227
"Greencare Team International Co., Ltd",1004229
DEEP BLUE GROUP LIMITED,1003137
YIELD WAY DEVELOPMENT LIMITED,1003144
"SHIFENG JUXING TIRE CO., LTD",1002944
ZHUYI LIGHTING LIMITED,1002952
GEORGE INVESTMENTS S.A.,11559
HARBOUR LINK INTERNATIONAL LIMITED,1001133
PLAINE INVESTMENTS LIMITED,1001047
FUNSWAY HOLDINGS LTD.,1003159
JOYFUL HUGE HOLDINGS LIMITED,1003160
"SHANDONG EASY-TEX ENTERPRISES CO., LTD.",1003662
PACIFIC WING LIMITED,1003668
FLAMENCO MARITIME S.A.,1111
JUNIPER FINANCE AND TRUST GROUP INC.,11110
"SINOPOWER INT'L CO., LTD.",1001593
HARTLEY MANAGEMENT INC.,1002034
COPPERMILL S.A.,10150
FALCO CONSULTANTS INC.,10214
DYNAMIC MARK LTD.,1005304
PLASSIM TECHNICAL PLASTICS INDUSTRY AND BUILDING,11141
HTSS CAPITAL LIMITED,1001659
CROSS ASIA GROUP LTD.,1001724
HARVEST TRADING INC.,1000941
CONSULTING & INVESTMENT LIMITED,1001038
TELPACK LIMITED,1001083
Artel Deco Ltd.,1005343
NEWHEAVEN FINANCE LTD.,1001603
TUTICOLORS LTD.,1001611
HINC PROPERTIES S.A.,10286
PRIORY PROPERTY S.A.,11320
HUI HUANG HOLDINGS LIMITED,1005417
Brenton Holding Ltd,1005419
GOOD VISION LTD.,1005444
LA TOCADE S.A.,1002299
"SKP CHEMICAL CO., LTD.",1005114
Fidelity Merchants Limited,1003213
LUNAR REAL ESTATE S.A.,10029
"B&H INTERNATIONAL TRADE CO., LTD.",1000699
"SHIFENG DOUBLE-STAR TIRE CO., LTD.",1002775
RINGO INTERNATIONAL CONSULTANCY LIMITED,1004823
Internet Marketing Alliance Limited,1004827
TRUE ESSENCE INVESTMENT LIMITED,1003212
ZENZE LTD,1003181
GLOBAL POWER HOLDINGS LIMITED,1002088
BRISTOL INDUSTRIES LTD.,1001682
"Rolinda Manufacture Co.,Ltd.",1002805
KORNHILL DEVELOPMENT LIMITED,1002515
Denham Investments Limited,1003422
Pan Pacific International Ltd,1004303
FOLLY (ASIA) LIMITED,1003251
GLOBAL GROUP DEVELOPMENT LTD.,1002924
LICO MANAGEMENT INC.,1002970
"QINGDAO XINLIRONG TRADE CO., LTD.",1003042
VAN DYK HOLDINGS LTD.,1002161
BRIDGESIDE CONSTRUCTION INC.,1001699
CRAMER FINANZ AG,1001701
"TAIZHOU VERTU SEWING MACHINE CO.,LTD.",1003056
"MEGABULL CO., LTD.",1003201
DAGWOOD PROPERTIES LIMITED,1003707
FISHAMAN LTD.,1002100
HAMBLEDON NOMINEES LTD.,1002120
"GAO MEI TECHNOLOGY CO., LTD.",1002973
TOPPAN PROPERTIES INC.,10030
TYLER CONSULTANTS LIMITED,1001683
TOPOPRECISA INTERNATIONAL S.A.,1002138
"OPALUX ELECTRONICS MFY CO.,LTD.",1000744
ALL BEST ENTERPRISES LTD.,1005375
KYNSBERG TRADING INC.,1005528
"EVM Investment Co., Ltd",1005652
SILVERY PEARL DEVELOPMENT LTD.,1005596
LUCKY DAY INVESTMENTS LIMITED,1005601
UNIVERSAL MARKETING S.A.,10017
BLUE HOLDING S.A.,1002104
"KOMEX INDUSTRIES CO., LTD.",1000769
COC International Corporation Limited,1000759
GOLDBERGS INTERNATIONAL TRADE LTD,1005736
"NBT CO., LTD",1005738
JUN LING INTERNATIONAL LTD.,1005606
KIM LOK DEVELOPMENT LIMITED,1005617
GKFC LIMITED,1001791
SPLENDID RICH LIMITED,1002383
TELE EVENT LIMITED,1001666
GREEN ISLAND INTERNATIONAL LTD.,1001673
GOLDEN ASIA LTD.,1005771
"CHINA-BASE NINGBO FOREIGN TRADE CO., LTD.",1000762
"HONGKONG RUI-FENG INTERNATIONAL TRADE CO., LTD.",1000242
DABELSTEIN B.V.,1002430
LYNX CONSULTANTS INC.,1001852
"LONGITUDE (HEFEI) CO., LTD.",1002826
CHAMPION INC.,1002416
WITTAKER BIO-TECH GmbH,1002165
RICHMAN OCEAN TECHNOLOGIES LIMITED,1001747
HENG LI INTERNATIONAL LIMITED,1002520
BRIGHT SKY INTERNATIONAL LTD.,1003494
"HELI-AIR, INC.",1001866
AQUAROMI LTD.,1001869
"BP PARTNERS GROUP CO., LTD.",1003512
"Tianhai Industrial Co., Ltd.",1003523
TOPSHEEN SHIPPING GROUP CORPORATION,1005037
Vegas City Lizauli Holdings Ltd.,1004995
MEDIA POOL EUROPE B.V.,1002128
Kingsfield Pharma Enterprises AG,1003209
SANDSTONE INTERNATIONAL LTD.,1000015
GREAT POWER INVESTMENT LTD.,1005237
JOY WORK INVESTMENTS LIMITED,1005241
VANITY ENTERPRISES CORP.,1005698
KANTABERRI CORPORATION S.A.,10057
FARGO S.A.,1001830
DUFLOX INVESTMENTS LTD.,1002163
DRAGON TING LIMITED,1005256
G&C INT’L INDUSTRY LTD.,1005267
WOLFMAN FINANZ AG,1001709
CENTURY DEVELOPMENT LTD.,1001837
"BESTFORD INTERNATIONAL CO., LTD.",1005269
Bayview Power Limited,1005299
AVA AVIATION COMPANY INC.,1001847
MING LI ENTERPRISES LIMITED,1002456
VERITAS INC.,1055
ALIREZA INC.,10555
BLICK LIMITED,1001717
TETRAEDR LIMITED,1002180
ABBEY COMMODITIES S.A.,1001884
RENA CHIARRA INC.,1001788
LANCELOT COMPANY LTD.,1001774
"BRIGHTEN CONSULTING CO., LTD.",1002381
ENGLOBE LTD.,1001854
SILVER PALACE LIMITED,1002462
DOLPHIN INC.,1001712
LINGENT INDUSTRIES LIMITED,1002188
"AnDaHai Industry Co., Ltd",1005302
GREAT SKY LTD.,1005345
BON MAX DEVELOPMENT GROUP LTD.,1001748
ASTINA ENTERPRISES LIMITED,1002470
EGTON PROPERTIES INC.,10910
OIL SERVICES HOLDINGS S.A.,1002101
ANM Investments Ltd.,1002754
PALM INVESTMENT CORP.,1003101
Orange Engineering Ltd.,1005350
Industry & Design International Ltd,1005357
"COMERGE CAPITAL AND INVESTMENT CO., LTD",1006218
BEAUVIER LTD.,1002244
LEVITT INVESTMENTS LIMITED,1002208
KANEDEL CORP.,1001814
ACAYA INC.,11354
Pinon Ltd.,1003600
LICO MANAGEMENT INC.,1002981
SWAN SEA DEVELOPMENT LTD.,1002468
APPL S.A.,1002479
HEREFORD PROPERTY INVESTMENTS LIMITED,1001818
GLENDALE INVESTMENTS LIMITED,1001824
EXCEL INTERNATIONAL LTD.,1001693
INTEX CORPORATION,1002231
BALMAR INTERNATIONAL LTD.,120974
Related Supply Ltd.,1003008
Skye Window Systems Ltd.,1003484
MANLEY INTERNATIONAL LTD.,1001754
BLUE MOON S.A.,1001901
LEESIDE HOLDINGS LIMITED,1001822
ORBIT GROUP LTD.,1001758
ANCESTRAL REWARDS GMBH,1001860
Valley Sun LLP,1100226
INSTAR CORPORATE ASSOCIATES INC.,10708
RAYVIC INC.,10207
MIDWAY HOLDINGS LIMITED INC.,10089
"Xinle Industrial Co., Ltd.",1005360
SUN GLEAM LIMITED,1005370
WALBRAY TRADING LTD.,1001732
RORESIN (SHANGHAI) CORPORATION,1001726
WORLD EXPRESS HOLDINGS LIMITED,1005377
TWINKLE STAR LIMITED,1005390
KADUCEO LLP,1100281
STRATH ASSOCIATES LLP,1100324
Time Fortune Investment Ltd.,1005399
KING HILL GROUP LIMITED,1005423
HUANCA INVESTMENT LLP,1100336
Petersham Resources LLP,1100350
PRIMO FINANCIAL S.A.,10752
FRANBLUE EQUITIES S.A.,1002178
TUDORIL OVERSEAS LIMITED,1001771
JOYCE OCEAN LIMITED,1005468
HARPFORD LIMITED,1001936
UZEL INVESTMENTS INC.,10215
MAGNOLIA ASSOCIATES S.A.,11030
RUNDEL INTERNATIONAL GROUP (SAMOA) LIMITED,1005500
GOLD LIONS CO. INC.,11016
RESEARCH & PATENTS LTD.,121043
OBLIGACORP REPRESENTATIVE S.A.,1002458
CONPRISA LOGISTICS S.A.,1002172
EINTERMENT CAUST LIMITED,1002214
EXECUTIVE ASSOCIATES S.A.,10755
BABERTON INC.,1096
REGENT PARK CONSULTANTS LIMITED,1002216
GEFEST INVESTMENT LTD.,1001928
FX Holdings Limited,1003069
LESILO SERVICES LIMITED,1003458
Sinosul Global Corp.,1003410
"HHF International Co.,LTD.",1004301
GREENFIELD TRADING LTD,1003098
IVORY SPEAR HOLDINGS LTD.,1003116
YOHO INTERNATIONAL LTD.,1003266
MAINBON GROUP COMPANY LIMITED,1003197
Green Energy Group Limited,1005505
"HK LIXIN TRADING CO., LTD",1005514
World Star Enterprises Limited,1005574
"JINRONG HOLDING CO., LTD.",1005579
ACE CHAMPION GROUP LTD.,1005598
HUAN YA INVESTMENTS LIMITED,1005608
WARD FINANCE S.A.,10959
GENERAL CORPORATE SERVICES LLC,120965
BALMORAL PROPERTY S.A.,10974
PORT SECURITIES INTERNATIONAL INC.,10612
BONNIE LTD.,1005615
MUZI DEVELOPMENT LTD,1005625
COMMUNICATION SERVICES INTERNATIONAL INC.,10700
SUNSPEED SOLAR LTD.,1001324
Gopherwood Capital Limited,1005661
"HUITAI HOLDINGS CO., LTD",1005681
"SINOCHEM PRODUCTS CO., LIMITED",1005683
FORRONDA ENTERPRISES LIMITED,1005701
PUBLIMEDIA A.G.,1001237
CORINVEST INC.,1001267
UNIVAL LIMITED,1002106
MIDDLEWOOD GROUP INC.,1002131
VEDERSON ASSETS LTD,1001832
"RDW INTERNATIONAL CO., LTD.",1001658
5sentek Ltd,1005801
Kaixin International Investment Ltd.,1001845
"Additive Investment, Inc",1005812
Axsia Holdings Ltd,1005851
"Asian Infrastructure Investment Co.,Ltd.",1006405
DAVENPORT ENTERPRISE INC.,10140
"YUYAO JINGRUN TRADE CO., LTD.",1005704
FARM GLOBAL TRADING COMPANY LTD.,1005724
CANMEIHUATENG INT'L TRADING LIMITED,1005868
IVACO INCORPORATED,1005920
East Pacific Holdings Investment Co. Ltd,1005507
ERNEST ENTERPRISES LIMITED,1005777
"WEST AFRICA MINING HOLDINGS CO., LTD",1005731
Sentia Capital Inc.,1005741
AUROSONNA LTD.,1000023
Hansel Ltd,1005750
SHINING LIGHT LTD.,1006125
"RIVERSIDE INTERNATIONAL TRADING CO., LTD",1006382
ALPINEX PROPERTIES INC.,10073
GASTON RENA SERVICES LTD.,1003754
BGA Holdings Limited,1003293
PROFCAPITAL MONEY MANAGEMENT INC.,10075
"NINGBO SKYCAN MOLD MANUFACTURING CO., LTD.",1004331
WIXXON COMPANY LIMITED,1004335
OMNICONSULT AG,1000285
LUZ S.A.,1001894
"HUAXIA INTERNATIONAL TRADING CO., LTD",1004337
CIP GLOBAL LTD,1004355
REYNOLDS INTERNATIONAL LIMITED,1002552
CLAYTON INTERNATIONAL LIMITED,1002554
WINDLESHAM INC.,11496
UNIVERSAL SURVEYS & MARKETING INC.,12186
Longbridge Industrial (China) Ltd.,1003270
S&D INTERNATIONAL TRADING CORP.,1003271
PTS GROUP LTD.,121876
GOODMAYES INC.,11562
"QINGDAO WONDERLAND TRADING CO.,LTD",1003226
ADMIRALTY TRADING LIMITED,1000227
VALENCIA EQUITIES S.A.,1003117
VAST LIGHT INDUSTRIAL LIMITED,1002179
"M.W Capital Management Co., Ltd",1003243
"SHANGHAI CHIRUI IMPORT & EXPORT CO., LTD.",1003714
LDH INVESTMENT HOLDINGS LIMITED,1003735
WELL GOAL INTERNATIONAL LIMITED,1004379
"HKS INTERNATIONAL CO., LTD.",1004386
BioLone Bio Gene Chip Techs (Hldgs) Limited,1001765
GULLA PROPERTIES DEVELOPMENT LLC,121905
World Gate Ltd.,1004388
NETLEY ENTERPRISES LTD.,1003123
MULTIBIZ LIMITED,1002195
SILVER SOURCE LIMITED,1002514
"MEIWA SHOJI CO., LIMITED",1006180
VINNISTA HOLDINGS S.A.,10252
INCOGEST S.A.,11517
BIG RIGHT INVESTMENTS LIMITED,1003727
THE FIRST ELEMENT LIMITED,1003245
BROAD PERSPECTIVE LIMITED,1003277
"FUYILOGO INTERNATIONAL CO., LTD.",1003581
BELLE PLAGE INC.,11458
"ARROW LOCK (U.S.A) TEC. CO.,LTD.",121839
"DYNE INTERNATIONAL CO., LTD.",1006203
HUA KAN HOLDINGS LIMITED,1006205
FRESHFIELD INVESTMENTS INC.,11609
MAXIVEST HOLDINGS S.A.,10031
ERNEST VIEW HOLDINGS LTD.,1003136
TREASURE FOCUS INTERNATIONAL LTD.,1003138
"Rate Group Co., Ltd.",1003259
Real-Friend Ltd.,1003099
"New Trend Development & Marketing Co.,Ltd.",1003104
WIND FLOWER GROUP LIMITED,1003506
"QINGDAO SHANTRON INTERNATIONAL TRADE CO., LTD.",1003530
"Vitu International Co., Ltd",1005792
KALI INTERNATIONAL S. A.,1008
SOGOMO CORPORATION,10199
Healthlife Inc.,1005794
FRANGOULIS HOLDINGS LIMITED,1001872
FOSTER LTD.,1001545
LAKESIDE MARKETING S.A.,1002187
AMETHEST LIMITED,1001879
"JST SHIPSTORES SUPPLY CO., LTD",1005797
"NATHANIEL INTERNATIONAL TRADER CO., LIMITED",1005810
GOLDEN STM HOLDING LIMITED,1005818
IP PROJECTS LTD.,1001592
BEIJING YANGTZE RIVER TRADING COMPANY LIMITED,1005820
GLADLY LIMITED,1000105
ANTIOPE ENTERPRISES LTD.,1001441
WORLDWIDE DIRECTORS LTD.,1001898
GLOBAL WISDOM LTD.,1000121
"TIAN CHANG HOLDING CO., LTD.",1000148
LAMBETH INC.,1002731
"MEGA PROSPECT INVESTMENT CO., LTD.",1003191
DORTON LTD.,1000176
HAPPY TOP LTD.,1005866
BALMAIN TRADING CORPORATION,1002803
Gold Stone Capital International Ltd.,1003033
Martindale Investments Ltd.,1006138
PURPLE HOLDINGS S.A.,1000249
WELL MIND INTERNATIONAL LIMITED,1000268
KEEN INTERNATIONAL LIMITED,1000200
EARLSFIELD HOLDINGS INC.,11610
YELLOW RIVER LTD.,1002824
WIDE OCEAN INTERNATIONAL LTD.,1004096
CHESHIRE TRADING INC.,11612
KARCHEER INC.,11614
"SHANDONG YINBAO TYRE GROUP CO., LTD",1003151
BALTIC PARTNERS HOLDING S.A.,11143
COMET ASSOCIATES S.A.,11259
SATCO INTERNATIONAL CORPORATION,11445
CHEERFIT INC.,11588
FLOREX OVERSEAS S.A.,11627
CHARISMA TRADING COMPANY LIMITED,1000967
LUNA ENTERPRISES LTD.,1000987
EAST WEALTH HOLDINGS LIMITED,1001013
Garibaldi Management Investments Corp.,1006095
Henry Global Group Ltd.,1006036
"HENGYU INDUSTRIAL CO., LTD.",1006046
Treadmore Corporation,1006100
MICHAEL HOLDING LIMITED,1006112
MARKET POINT INVESTMENTS LTD.,1005317
CHALKFIELD INC.,11620
EUROCORP FINANCE S.A.,11119
GAIN WIN GROUP LIMITED,1005373
"LAF INTERNATIONAL CO.,LTD.",1005404
REMOTE TECHNOLOGY INC.,1002386
LASTMINUTE LTD.,1002506
BURFIN CORPORATION LIMITED,1003400
ASHKEN TAIYO TRADE FINANCE COMPANY INC.,11014
LARKSILA INVESTMENTS S. A.,1023
Skye Holdings Ltd.,1003009
BIO ENERGY INTERNATIONAL COMPANY LIMITED,1002556
CORRIBA OVERSEAS INC.,11404
GALORY MANAGEMENT S.A.,11429
PANGOL LIMITED,1002407
ZAMIA GROUP LIMITED,1003076
Rouxville Corporate Services Limited,1005928
LINDEN CONSULTANTS INC.,1005937
PENELOPE LLC,121054
LABIUM INTERNATIONAL INC.,11432
SEARAY OVERSEAS INC.,11434
OAKLEIGH PROPERTIES INC.,11026
WALTHAM ASSOCIATES INC.,11031
PIEDMONT LEAF TOBACCO COMPANY N.V.,11450
INTERNATIONAL ENGINEERING AND CONTRACTING INC.,11452
"F&A-TRD CO., LTD",1000215
"PoseidonEx Co., Ltd.",1005880
MIDVALE LIMITED,1001617
JANE BRIGHT MANAGEMENT LTD.,1001621
NEW CITY INTERNATIONAL LTD.,1001584
"UNITY BEYOND CO., LTD.",1005950
GRAND LAND ENTERPRISES LTD.,1005297
Moral Well Enterprises Ltd,1005301
Lehigh Scrap Metal Recycle Trading Limited,1005321
TOP SAPIENCE INTERNATIONAL LIMITED,1000979
ELING OVERSEAS CORP.,11475
CIRRUS LTD.,1001642
UNIFLAM HOLDINGS LIMITED,1001521
LIPPO LTD.,1006175
WORLD RISE LIMITED,1000530
INTER-FINANCIA OVERSEAS S.A.,11482
HK HOME MERCHANT COMPANY LIMITED,1006275
SHARP IDEA GROUP LTD.,1003737
SUPER TOP INTERNATIONAL LTD.,1003782
NINGALOO INVESTMENTS LTD.,1000573
SOTO PROPERTY MANAGERS LIMITED,1001308
Penrose Directors Limited,1006336
NEWTOP ENTERPRISE LIMITED,1006410
FIDUCIAIRE EUROPEAN S.A.,1001626
CARMEL LTD.,1001654
KINVER INVESTMENTS INC.,10702
WALLNET DESIGN INC.,1002405
CORAL TECHNOLOGY LTD.,1002465
PURE GOLD INTERNATIONAL LTD.,1005473
KOSMO HOLDINGS LIMITED,1006153
OCEANIA INVESTMENT HOLDING GROUP LIMITED,1005347
"TINYU INTERNATIONAL DEVELOPMENT CO., LTD",1006202
"BRIGHT ZEMA CO., LTD.",1003533
DAWENCO FINANCE INC.,1031
"GOOD PLUS TEXTILE CO., LTD.",1003462
CG TRADING LTD.,1002639
"CANAAN HOME GROUP CO., LTD.",1003547
GRANFE INC.,11656
"WellLink Global Trade Co.,Ltd",1006201
CONCENTRATE INTERNATIONAL LIMITED,1006292
INVERSIONES HOTEI S.A.,1000711
ONDESA LIMITED,1001334
SANINA LIMITED,1000247
"TAIZHOU HUAZHONG IMP. & EXP. CO., LTD.",1003554
SUNTIMES INTERNATIONAL LTD.,1003290
ARGINEX LTD.,1002480
WING TAI FUNG HOLDINGS LTD.,1002875
HALKETT PROPERTIES S.A.,11092
"COMPAÑIA MINERA LA TRINIDAD, S.A.",11578
TESLAR INTERNATIONAL CORPORATION,1003296
KO YI HOLDING LTD.,1004402
ITELCO HOLDING INC.,1000408
ETANYS SERVICES S.A.,1006163
HURON INVESTMENTS INC.,1020
PO SHAN LUMBER COMPANY LIMITED INC.,11047
Da Zhi International Ltd,1005201
Wide Prosper Int'l Group Ltd.,1003279
"CAPITAL GLORIOUS INTERNATIONAL TRADING CO., LTD",1003281
Happy Fish International Limited,1006272
GEBEKO OVERSEAS LIMITED,121938
PEARL REAL ESTATE INC.,11361
RIDLEY MARTIN MARINE INC.,10230
CONTEC CORP,1003784
"OCEAN SAILOR SHIPPING CO., LTD",1003789
GREENWICH HOLDING INC.,11395
GRESHAM PARTNERS INC.,11036
IMPERIAL STAR CORP.,1003567
APCB ASIA INTERNATIONAL LTD,1006034
"GOLDEN LIGHTING INDUSTRY CO., LTD.",1003798
"CORPORACION CIMEX, S.A.",1003555
MANDELBAUM LTD. INC.,11120
ORIENTAL PEARL INVESTMENTS LTD.,1002422
TAI HO INTERNATIONAL HOLDINGS LTD,1006079
Promise Development Limited,1006143
GENECO LIMITED,1002537
NODA HOLDINGS LTD.,1006254
"ALLSTRONG LOGISTICS TRADING CO., LTD",1003574
KWOK INTERNATIONAL LIMITED,1003305
FAMOUS YIELD LTD.,1003126
"CHONGZHI INTERNATIONAL TRANSPORTATION CO., LTD",1003316
"DA HONG YING CO., LTD.",1003120
ALLOCATED ASSETS LIMITED,1006181
ANGLO-CHINA INTERNATIONAL TRADE S.A.,11691
CHEERFUL TRADING LIMITED,1003173
SUMMER BREEZE INTERNATIONAL LIMITED,1002669
"ZHEJIANG CHINABASE IMPEX CO.,LTD.",1003124
NEW GROW INTERNATIONAL LTD,1003133
CYBERNAUT ASIA LIMITED,1005300
MANTERFIELD INC.,11670
Tongda Trading Limited,1006351
HUDDERSFIELD INC.,11715
TALBOT FINANCIAL INC.,11070
CREATIVE CITY S.A.,11709
FOREMAN INTERNATIONAL LTD.,1002424
CONSULNET S.A.,1002580
GREEN CYCLE INVESTMENT LTD.,1003139
HIGHLONG GROUP LIMITED,1003310
CRISP ENTERPRISES INC.,11046
AHERN ENGINEERING COMPANY INC.,10273
INTERNATIONAL FOREST PRODUCTS TRADING INC.  -SHELF-,10133
FELLOWSHIP LTD.,1002648
CITY LAND OVERSEAS INC.,11535
MARTINIBETH INVESTMENT INC.,10336
GOLD BRICK COMPANY LIMITED,1002599
DYNAMIC CHEER INVESTMENT LIMITED,1003162
CELTIC HOLDINGS S.A.,1113
DARFRAN LLC,121911
Louise Lann Textile Ltd,1003320
1111111114 Holding Limited,1003333
WEALTHY SEA LTD.,1003164
Leather Link Limited,1003185
HILLCREST FINANCIAL INC.,11057
ARLENE FINANCE INC.,11485
TRANSAVIA PROPERTIES S.A.,10320
ACURA HOLDINGS LIMITED,1002491
"NINGBO WINTOP CO., LTD.",1004404
WELL TREASURE GROUP LIMITED,1004410
INACT LTD,1002606
GREAT FAIR INC.,11581
MIDDLECROSS FINANCIAL CORPORATION INC.,10394
"WELL HOLDING CO., LTD.",1004429
ZHONGXING FISHING LTD.,1003808
"WE-YOUNG INDUSTRIAL AND TRADING CO., LIMITED",1003810
Tanka Ltd.,1003148
GREAT WALL HOLDINGS LTD.,1001326
CERANTIS LTD,1000250
CAPITAL LTD.,1003171
UNIQUE Enterprises Pte. Ltd.,1003322
CARLIN CORPORATION,1000350
MARZO S.A.,1000248
"Tian Li International Co., Ltd",1003325
V.J. CORPORATION,1001123
"YETI ELECTRONICS (SAMOA) CO., LTD.",1000263
CITY OF ROME LTD.,1002578
"SYM TOWER CRANE SPARE PARTS CO., LTD.",1003355
KIN CHOI TRADING LIMITED,1000330
"UNIKA ELECTRONIC CO., LTD.",1000717
Cleanwater Holding S.A.,1000835
WALLIS & SWAN LTD.,1000296
WINDOUBLE TRADE CORPORATION,1003597
"EVOLUTION INDUSTRIAL CO., LTD.",1003603
"GIUM Intellectual Properties Co., Ltd",1000240
BEST WISH LIMITED,1000383
GAMSTER ENTERPRISES LIMITED,1003172
EVER WILL DEVELOPMENT LTD.,1003344
SCENIC HEIGHTS INTERNATIONAL LIMITED,1001347
DELL HOLDINGS LIMITED,1001378
"AO WEI TRADING CO., LTD.",1003353
SUN-YOUNG CORPORATION,1004447
GARVE INVESTMENTS INC.,1000407
TALENT JUMBO INTERNATIONAL LIMITED,1000747
"MABEL (H.K.) CO., LTD.",1000252
WESTLAKE INTERNATIONAL LIMITED,1002555
"HOLY STONE HOLDINGS CO., LTD.",1000897
CHEM Jiangsu Corp.,1000850
"NINGBO HAOYU KNITTING CO., LTD.",1004451
NEW PARTNER INTL LTD,1004463
Business & Migration Holding Corporation,1000235
"BONANZA RAIL TECHNOLOGY CO., LTD.",1000367
"ALSAN HOLDINGS, LIMITED",1001250
TRENDMAKER INTERNATIONAL INC.,1001345
AMBERSIDE LIMITED,1001375
A.T.S. AUTOMATION TECHNOLOGY SYSTEM S.A.,1000418
"Sinochem Latex Gloves Factory Co., Ltd.",1001068
B.T. INTERNATIONAL INC.,1001118
New  Andaluzia  Ltd.,1002902
SHAR LIMITED,1002619
"DEJIA (INT'L) TRADE CO., LIMITED",1001141
"TWINKLE CO., LTD",1006059
MAJOR KEY LIMITED,1000427
Sliver Antelope Global Group Inc.,1002487
CAMLET MANAGEMENT LTD.,1000432
SPARK INDUSTRY LTD,1006109
HOMFORT PRODUCTS LTD.,1006110
MILLENIUM HOLDING LTD.,1002486
CALVINE HOLDINGS INC.,10026
Yilin Group Ltd,1005334
Lucky Ocean Company Limited,1005337
LEE  FINANCIAL  GROUP  LTD,1002899
PHOENIX ENTERPRISES LIMITED,1002516
ALL SEASON INTERNATIONAL LIMITED,1002494
"SIGMA International Trade Co., Limited",1002604
"SHEEN JOY CO., LTD",1005366
CITY STAR DEVELOPMENT LTD.,1005367
INNOTEK ENTERPRISE LTD.,1002929
MAGICAL TRADING LIMITED,1003257
Audina Corporate Services Ltd.,1003613
PEMAJO-VANNIKA COMPANY LIMITED,1002901
ONLINE SERVICES LTD.,1003658
RISING SUN INVESTMENT LTD.,1002521
VERNON ASSOCIATES INC.,10530
BEST FORTUNE INTERNATIONAL LIMITED,1005383
BIG GAIN LIMITED,1005394
GOLDEN WISHES GROUP LTD.,1002686
WIN RUNNER ENTERPRISES LIMITED,1002942
BLUE SEA CORPORATION LTD,1005403
"PROMAX ENTERPRISES CO., LIMITED",1005421
BACKROADS TRADING LLP,1100029
ULYSSES INVESTMENT CORP.,10110
CASCA HOLDINGS S.A.,10661
ACEAN HOLDING LIMITED,1005434
DRAGON TOP GROUP LIMITED,1005437
"NINGBO DOLLAR-KING INDUSTRIAL CO., LTD.",1005448
"REDI MARINE CO., LIMITED",1005449
FIELD GEAR LTD.,1005412
WESTOVER PROPERTIES LTD.,1100306
ON Capital 8899 Limited,1003525
HUGO INVESTMENTS INTERNATIONAL S.A.,1000305
HIRASONS FINEX LTD INC.,10099
ETHANAS LLC,121072
"Elite INT'L Industry CO.,LTD.",1003538
VICTOLEX INC.,10723
ESYTEL ASSET INC.,1005986
ZEUS AIRCRAFT SERVICES LTD,1005430
GLOVE UNION INTERNATIONAL INC.,1002659
ROCKY TRADING LIMITED,1002466
JIEFU CHEMICAL INDUSTRY LIMITED,1002865
Dragon Field Investment Inc.,1002887
"CROWN CO., LTD.",1006136
"NINGBO XIUNAN INTERNATIONAL TRADING CO., LTD",1006141
HENG CHAN GROUP LIMITED,1006212
MASTER NICE INTERNATIONAL LTD.,1006256
Grand Leisurely Eminent Consulting Company Limited,1005185
WOODLEY HOLDINGS INC.,11672
KAPER GROUP LIMITED,1001033
Can't Stop Now Records Ltd.,1000501
MyesL Group Ltd.,1000517
CITY PROPERTIES LIMITED,1001233
MARIN LTD.,1000690
Adnet International Limited,1000347
YJY International (Qingdao) Limited,1006338
"SANWA TRADING CO., LTD.",1006373
"GOLD ELEPHANT INTERNATIONAL CO., LTD.",1005224
"Yo Fung Yan Textile Co.,Ltd",1005232
HAO YANG LTD,1005235
EXCELLENCE INTERNATIONAL CORPORATION,10293
ARUNDEL CORP.,10970
BESSTWO HOLDINGS INC.,10991
SUNRISE INTERNATIONAL DEVELOPMENT INC.,10294
DELTA CONSULTANTS SERVICES CORP.,10222
MALABAR FINANCE COMPANY INC.,11019
SANDCED TRADING CORPORATION,11033
MEDI CARE SUPPLIERS LLP,1100044
GOLDEN HARVEST ENTERPRISES LIMITED,1003131
SUCCESS STAR INTERNATIONAL LTD.,1002597
EUROCO COMMERCIALE S.A.,10231
HARNETT HOLDINGS INC.,10234
Epay Global Limited,1005923
EAGLETEX PUBLISHING LTD. INC.,10301
TRANSOM INTENATIONAL LLP,1100025
TERRACE PROPERTIES LIMITED,1001382
TRESSE LIMITED,1001399
INTER LIMITED,1000282
SANORIA CONSULTING LTD.,1000284
PARISSON LIMITED,1000312
FLYING DRAGON INTERNATIONAL LIMITED,1000322
ALL TRADE INTERNATIONAL LIMITED,1000314
LANESFIELD LIMITED,1000791
HI-TECH DEVELOPMENT LIMITED,1001007
NEW VENTURE INTERNATIONAL LIMITED,1001014
CHAMPION INVESTMENT LIMITED,1000332
UBM DEVELOPMENT CORP.,1000456
COLOUR ORCHARD LTD.,1000472
DELI ENTERPRISES LTD.,1001412
SHELLARD MEDIA S.A.,10565
BRITTANIA ADVISING SERVICES LLP,1100131
VICTORY BOOM LIMITED,1003142
ARKAPITAL LLP,1100274
Ashwell Inc.,1001950
KASTEL HOLDING INC.,1002026
"MECO LOCK GROUP CO., LTD.",1003154
PRISTINE INTERNATIONAL LTD.,1003565
"MANZO MARINE ENGI CO., LTD",1003584
PULSE CAPITAL LIMITED,1100233
"H.W. GARMENT CO., LTD.",1000259
HOME STAR LIMITED,1000365
"ALLIANCE DEVELOPMENT CO., LTD.",1000804
CENCHEN INTERNATIONAL LTD.,1000806
CHEYNE MANAGEMENT CORPORATION,10020
MARRIOT CORPORATE SERVICES LTD.,1001585
MACRO PROFIT GROUP LIMITED,1000370
TAI FUNG INVESTMENT LIMITED,1000393
GLOBALOOK INTERNATIONAL LTD.,1005246
GOOD TALENT INTERNATIONAL LTD.,1005249
BRENDAN CORPORATION LIMITED,1002030
RIVERSEDGE LIMITED,1002364
ROCKS CAPITAL LTD.,1002105
CORRADO MANAGEMENT INC.,11002
PETRO INTERNATIONAL INC.,1108
"Sunshine Garments Co., Ltd.",1005279
CHEE KONG LTD.,1005292
BIOMEDICAL ASIA LTD.,1002629
BLUE STONE FINANCIAL CORP.,1000420
BEAUTY TECH INTERNATIONAL LTD.,1005293
WIN TALENT INTERNATIONAL LIMITED,1005316
China Brilliant Energy Source INT'L (Group) Limited,1002489
NINGBO NINGSHING INTERNATIONAL INC.,1003601
Easy Banner Limited,1005922
WESTMINSTER TRADING LTD.,1000253
"Hongkong TPS Trading Co., Ltd.",1003632
"ORIGINAL TEXTILES CO.,LTD.",1002673
Bitcoin Investment Limited,1005497
POLYGON INVESTMENT LTD.,1005578
RELIANCE GROUPS LTD.,1002689
DIGITAL INVESTMENT LIMITED,1002511
Harmony Trade Limited,1005828
KINGSBRIDGE MANAGEMENT INC.,10389
GREAT OCEAN INVESTMENT LTD.,1005620
Golden Nest Ltd,1005581
Silver Mercury Investments Corporation Limited,1005650
"SAFELONG INTERNATIONAL CO.,LTD",1005486
"GREEN SCENERY CO., LIMITED",1005494
FAIRMOUNT ASSOCIATES S.A.,11067
CHARTER LANE LTD.,1005509
DUPLEX LAND INTERNATIONAL LTD.,1005524
FELIX HOLDING CORPORATION,10350
Chengsheng Enterprises Limited,1005547
"WE-CO ELECTRIC TOOLS CO., LTD.",1000776
"SCORE INT'L TRADING CO., LTD.",1000786
CORIN CORP. S.A.,10509
SELBERRY INCORPORATED LLP,1100254
TUTON INTERNATIONAL GROUP CORPORATION,1000273
WISEN INTERNATIONAL LIMITED,1000395
"M&Q INTERNATIONAL TRADING CO., LTD.",1000438
ATHLOS TANKERS S.A.,10359
MAIDSTONE PROPERTIES INC.,10526
WETWANG INC.,10879
Yando International Limited,1000290
"DALIAN SHENGHUI FOOD CO., LTD.",1005636